"avg_tenure","avg_month_charge","avg_total_charge","contract_type"
56.9486866218692731,60.11279778547526,3678.986103445856,Two year
41.7059724349157734,62.54092647762795,2903.569911064452,One year
21.0333333333333333,61.46263521555308,1521.9275910274403,Month-to-month
